{
  "solo_ocr": {
    "aggregate": {
      "ndcg": 0.2619208872779652,
      "map": 0.13537257495590826,
      "p": 0.2333333333333333,
      "mrr": 0.4166666666666667
    },
    "textual": {
      "ndcg": 0.49466034032509343,
      "map": 0.27129629629629626,
      "p": 0.4,
      "mrr": 1.0
    },
    "iconografica_simple": {
      "ndcg": 0.29110232150880205,
      "map": 0.13482142857142856,
      "p": 0.3,
      "mrr": 0.25
    },
    "iconografica_relacional": {
      "ndcg": 0.0,
      "map": 0.0,
      "p": 0.0,
      "mrr": 0.0
    }
  },
  "solo_vlm": {
    "aggregate": {
      "ndcg": 0.7573390564624575,
      "map": 0.6159115961199294,
      "p": 0.5666666666666667,
      "mrr": 1.0
    },
    "textual": {
      "ndcg": 0.7654671039995544,
      "map": 0.5736772486772488,
      "p": 0.7,
      "mrr": 1.0
    },
    "iconografica_simple": {
      "ndcg": 0.9860433320650158,
      "map": 0.9526289682539681,
      "p": 0.8,
      "mrr": 1.0
    },
    "iconografica_relacional": {
      "ndcg": 0.5205067333228022,
      "map": 0.3214285714285714,
      "p": 0.2,
      "mrr": 1.0
    }
  },
  "ocr_vlm": {
    "aggregate": {
      "ndcg": 0.8662446449624294,
      "map": 0.742008377425044,
      "p": 0.6333333333333333,
      "mrr": 1.0
    },
    "textual": {
      "ndcg": 0.8280156310666192,
      "map": 0.7072751322751322,
      "p": 0.7,
      "mrr": 1.0
    },
    "iconografica_simple": {
      "ndcg": 0.9933222998814618,
      "map": 0.975,
      "p": 0.8,
      "mrr": 1.0
    },
    "iconografica_relacional": {
      "ndcg": 0.7773960039392072,
      "map": 0.54375,
      "p": 0.4,
      "mrr": 1.0
    }
  }
}